id,name,slug,avatarUrl,coverImage,bio,views,subscribers,tags,createdAt,updatedAt
1,Abella Danger,abella-danger,https://static-pornctrcdn.b-cdn.net/models/abella_danger_thumbnl_12.webp,,,7383,267,"[""Brunette"",""Big Ass"",""Anal"",""Latina"",""Hardcore""]",2026-07-22 04:12:00,2026-07-22 04:12:00
2,Adriana Chechik,adriana-chechik,https://static-pornctrcdn.b-cdn.net/models/adriana_chechik_thumbnl_18.webp,,,8087,388,"[""Brunette"",""Anal"",""Squirt"",""Hardcore"",""Gaping""]",2026-07-22 04:12:00,2026-07-22 04:12:00
3,Angela White,angela-white,https://static-pornctrcdn.b-cdn.net/models/angela_white_thumbnl_15.webp,,,9516,333,"[""Brunette"",""Big Tits"",""Australian"",""Anal"",""MILF""]",2026-07-22 04:12:00,2026-07-22 04:12:00
4,Anissa Kate,anissa-kate,https://static-pornctrcdn.b-cdn.net/models/anissa_kate_thmbnl_28.webp,,,6473,878,"[""Brunette"",""French"",""Big Tits"",""Anal"",""Hardcore""]",2026-07-22 04:12:00,2026-07-22 04:12:00
5,Audrey Bitoni,audrey-bitoni,https://static-pornctrcdn.b-cdn.net/models/aurdrey_bitoni_thmbnl_%2034.webp,,,4321,1021,"[""Brunette"",""Big Tits"",""MILF"",""Hardcore""]",2026-07-22 04:12:00,2026-07-22 04:12:00
6,Ava Addams,ava-addams,https://static-pornctrcdn.b-cdn.net/models/ava_addams_thmbnl_29.webp,,,2037,1014,"[""Brunette"",""Big Tits"",""MILF"",""French"",""Anal""]",2026-07-22 04:12:00,2026-07-22 04:12:00
7,Blake Blossom,blake-blossom,https://static-pornctrcdn.b-cdn.net/models/blake_blossom_thumbnl_7.webp,,,322,495,"[""Blonde"",""Big Tits"",""Natural"",""Hardcore"",""Young""]",2026-07-22 04:12:00,2026-07-22 04:12:00
8,Brandi Love,brandi-love,https://static-pornctrcdn.b-cdn.net/models/brandi_love_thumbnl_2.webp,,,440,1068,"[""Blonde"",""MILF"",""Big Tits"",""Hardcore"",""Cougar""]",2026-07-22 04:12:00,2026-07-22 04:12:00
9,Chanel Preston,chanel-preston,https://static-pornctrcdn.b-cdn.net/models/chanel_preston_thumbnl_13.webp,,,6073,883,"[""Brunette"",""MILF"",""Big Tits"",""Anal"",""Hardcore""]",2026-07-22 04:12:00,2026-07-22 04:12:00
10,Cherie DeVille,cherie-deville,https://static-pornctrcdn.b-cdn.net/models/cherie_deville_thmbnl_38.webp,,,8088,347,"[""Blonde"",""MILF"",""Lesbian"",""Hardcore"",""Cougar""]",2026-07-22 04:12:00,2026-07-22 04:12:00
11,Cubbi Thompson,cubbi-thompson,https://static-pornctrcdn.b-cdn.net/models/cubbi_thompspn_thumbnl_5.webp,,,452,116,"[""Blonde"",""Young"",""Hardcore"",""Petite""]",2026-07-22 04:12:00,2026-07-22 04:12:00
12,Dani Daniels,dani-daniels,https://static-pornctrcdn.b-cdn.net/models/dani_daniels_thumbnl_17.webp,,,8870,852,"[""Brunette"",""Natural"",""Lesbian"",""Hardcore"",""Beautiful""]",2026-07-22 04:12:00,2026-07-22 04:12:00
13,Ellie Nova,ellie-nova,https://static-pornctrcdn.b-cdn.net/models/ellie_nova_thmbnl_35.webp,,,3054,980,"[""Blonde"",""Young"",""Hardcore""]",2026-07-22 04:12:00,2026-07-22 04:12:00
14,Emily Willis,emily-willis,https://static-pornctrcdn.b-cdn.net/models/emily_willis_thumbnl_3.webp,,,1269,1364,"[""Brunette"",""Young"",""Anal"",""Petite"",""Hardcore""]",2026-07-22 04:12:00,2026-07-22 04:12:00
15,Eva Lovia,eva-lovia,https://static-pornctrcdn.b-cdn.net/models/eva_lovia_thumbnl_24.webp,,,9134,598,"[""Brunette"",""Asian"",""Beautiful"",""Hardcore"",""Lesbian""]",2026-07-22 04:12:00,2026-07-22 04:12:00
16,Eva Notty,eva-notty,https://static-pornctrcdn.b-cdn.net/models/eva_notty_thmbnl_32.webp,,,8454,851,"[""Blonde"",""Big Tits"",""MILF"",""Hardcore""]",2026-07-22 04:12:00,2026-07-22 04:12:00
17,Ivy Wolfe,ivy-wolfe,https://static-pornctrcdn.b-cdn.net/models/ivy_wolfe_thmbnl_33.webp,,,2517,1050,"[""Blonde"",""Young"",""Petite"",""Lesbian"",""Hardcore""]",2026-07-22 04:12:00,2026-07-22 04:12:00
18,Jane Wilde,jane-wilde,https://static-pornctrcdn.b-cdn.net/models/jane_wilde_thumbnl_22.webp,,,8072,398,"[""Brunette"",""Young"",""Anal"",""Petite"",""Hardcore""]",2026-07-22 04:12:00,2026-07-22 04:12:00
19,Jennifer White,jennifer-white,https://static-pornctrcdn.b-cdn.net/models/jennifer_white_thumbnl_21.webp,,,1993,220,"[""Brunette"",""MILF"",""Anal"",""Hardcore""]",2026-07-22 04:12:00,2026-07-22 04:12:00
20,Jia Lissa,jia-lissa,https://static-pornctrcdn.b-cdn.net/models/jia_lissa_thmbnl_26.webp,,,3640,937,"[""Redhead"",""Russian"",""Young"",""Beautiful"",""Hardcore""]",2026-07-22 04:12:00,2026-07-22 04:12:00
21,Julia Ann,julia-ann,https://static-pornctrcdn.b-cdn.net/models/julia_ann_thmbnl_27.webp,,,6954,807,"[""Blonde"",""MILF"",""Big Tits"",""Hardcore"",""Cougar""]",2026-07-22 04:12:00,2026-07-22 04:12:00
22,Katana Kombat,katana-kombat,https://static-pornctrcdn.b-cdn.net/models/katana_kombat_thumbnl_4.webp,,,9023,1120,"[""Latina"",""Big Ass"",""Brunette"",""Hardcore""]",2026-07-22 04:12:00,2026-07-22 04:12:00
23,Kayley Gunner,kayley-gunner,https://static-pornctrcdn.b-cdn.net/models/kayley_gunner_thumbnl_6.webp,,,4250,1579,"[""Blonde"",""Big Tits"",""Hardcore"",""Young""]",2026-07-22 04:12:00,2026-07-22 04:12:00
24,Kendra Sunderland,kendra-sunderland,https://static-pornctrcdn.b-cdn.net/models/kendra_sunderland_thmbnl_30.webp,,,7019,523,"[""Blonde"",""Big Tits"",""Natural"",""Hardcore""]",2026-07-22 04:12:00,2026-07-22 04:12:00
25,Lana Rhoades,lana-rhoades,https://static-pornctrcdn.b-cdn.net/models/lana_rhoades_thumbnl_11.webp,,,3893,1241,"[""Brunette"",""Big Ass"",""Anal"",""Young"",""Hardcore""]",2026-07-22 04:12:00,2026-07-22 04:12:00
26,Leah Gotti,leah-gotti,https://static-pornctrcdn.b-cdn.net/models/leah_gotti_thmbnl_36.webp,,,2513,277,"[""Brunette"",""Young"",""Natural"",""Hardcore""]",2026-07-22 04:12:00,2026-07-22 04:12:00
27,Lexi Lore,lexi-lore,https://static-pornctrcdn.b-cdn.net/models/lexi_lore_thmbnl_31.webp,,,9127,709,"[""Blonde"",""Young"",""Petite"",""Anal"",""Hardcore""]",2026-07-22 04:12:00,2026-07-22 04:12:00
28,Lisa Ann,lisa-ann,https://static-pornctrcdn.b-cdn.net/models/lisa_ann_thumbnl_9.webp,,,8115,1722,"[""Brunette"",""MILF"",""Big Tits"",""Anal"",""Legend""]",2026-07-22 04:12:00,2026-07-22 04:12:00
29,Luna Star,luna-star,https://static-pornctrcdn.b-cdn.net/models/luna_star_thumbnl_1.webp,,,1493,242,"[""Latina"",""Big Ass"",""Brunette"",""Hardcore"",""Anal""]",2026-07-22 04:12:00,2026-07-22 04:12:00
30,Mia Khalifa,mia-khalifa,https://static-pornctrcdn.b-cdn.net/models/mia_khalifa_thumbnl_19.webp,,,9131,1268,"[""Brunette"",""Big Tits"",""Arab"",""Hardcore"",""Legend""]",2026-07-22 04:12:00,2026-07-22 04:12:00
31,Mia Malkova,mia-malkova,https://static-pornctrcdn.b-cdn.net/models/mia_malkova_thumbnl_20.webp,,,6954,238,"[""Blonde"",""Flexible"",""Beautiful"",""Anal"",""Hardcore""]",2026-07-22 04:12:00,2026-07-22 04:12:00
32,Nicole Aniston,nicole-aniston,https://static-pornctrcdn.b-cdn.net/models/nicole_aniston_thumbnl_14.webp,,,1221,688,"[""Blonde"",""Big Tits"",""Hardcore"",""Beautiful""]",2026-07-22 04:12:00,2026-07-22 04:12:00
33,Peta Jensen,peta-jensen,https://static-pornctrcdn.b-cdn.net/models/peta_jensen_thmbnl_37.webp,,,8144,82,"[""Brunette"",""Big Tits"",""Hardcore"",""Beautiful""]",2026-07-22 04:12:00,2026-07-22 04:12:00
34,Riley Reid,riley-reid,https://static-pornctrcdn.b-cdn.net/models/riley_reid_thumbnl_10.webp,,,700,1292,"[""Brunette"",""Petite"",""Young"",""Anal"",""Hardcore""]",2026-07-22 04:12:00,2026-07-22 04:12:00
35,Savannah Bond,savannah-bond,https://static-pornctrcdn.b-cdn.net/models/savannah_bond_thumbnl_8.webp,,,8987,507,"[""Blonde"",""Big Ass"",""Australian"",""Anal"",""Hardcore""]",2026-07-22 04:12:00,2026-07-22 04:12:00
36,Sunny Leone,sunny-leone,https://static-pornctrcdn.b-cdn.net/models/sunny_leone_thumbnl_23.webp,,,5014,486,"[""Brunette"",""Indian"",""Big Tits"",""Hardcore"",""Legend""]",2026-07-22 04:12:00,2026-07-22 04:12:00
37,Valentina Nappi,valentina-nappi,https://static-pornctrcdn.b-cdn.net/models/valentina_nappi_thumbnl_16.webp,,,7552,755,"[""Brunette"",""Italian"",""Big Ass"",""Anal"",""Hardcore""]",2026-07-22 04:12:00,2026-07-22 04:12:00
38,Victoria June,victoria-june,https://static-pornctrcdn.b-cdn.net/models/victoria_june_thumbnl_(25).webp,,,1008,1509,"[""Brunette"",""Big Tits"",""Latina"",""Hardcore""]",2026-07-22 04:12:00,2026-07-22 04:12:00
39,Kali Roses,kali-roses,,,,6747,1552,"[""Blonde"",""Young"",""Big Ass"",""Hardcore""]",2026-07-23 12:51:13.472,2026-07-23 12:51:13.472
40,Kissa Sins,kissa-sins,,,,7336,1586,"[""Brunette"",""Hardcore"",""Couple""]",2026-07-23 12:51:21.614,2026-07-23 12:51:21.614
41,Kendra Lust,kendra-lust,,,,912,1403,"[""Brunette"",""MILF"",""Big Ass"",""Hardcore"",""Cougar""]",2026-07-23 12:51:24.609,2026-07-23 12:51:24.609
42,Cory Chase,cory-chase,,,,4422,232,"[""Blonde"",""MILF"",""Hardcore"",""Taboo""]",2026-07-23 12:51:33.615,2026-07-23 12:51:33.615
43,Lena Paul,lena-paul,,,,7616,1659,"[""Redhead"",""Big Tits"",""Natural"",""Hardcore""]",2026-07-23 12:51:58.332,2026-07-23 12:51:58.332
44,Gia Derza,gia-derza,,,,5650,1409,"[""Brunette"",""Young"",""Big Ass"",""Anal"",""Hardcore""]",2026-07-23 13:31:14.778,2026-07-23 13:31:14.778
45,Payton Preslee,payton-preslee,,,,5933,1591,"[""Brunette"",""Big Tits"",""Hardcore""]",2026-07-23 13:33:45.434,2026-07-23 13:33:45.434
46,Manuel Ferrara,manuel-ferrara,,,,3310,529,"[""Male"",""French"",""Hardcore"",""Performer""]",2026-07-23 13:33:59.949,2026-07-23 13:33:59.949
47,Gabbie Carter,gabbie-carter,,,,3516,1068,"[""Blonde"",""Big Tits"",""Natural"",""Young"",""Hardcore""]",2026-07-23 13:34:02.886,2026-07-23 13:34:02.886
48,Jojo Kiss,jojo-kiss,,,,453,1715,"[""Brunette"",""Young"",""Hardcore""]",2026-07-23 13:37:30.943,2026-07-23 13:37:30.943
49,Nikki Benz,nikki-benz,,,,4551,1445,"[""Blonde"",""Big Tits"",""Canadian"",""Hardcore"",""MILF""]",2026-07-23 13:37:33.202,2026-07-23 13:37:33.202
50,Abigail Mac,abigail-mac,,,,5257,890,"[""Brunette"",""Beautiful"",""Hardcore"",""Lesbian""]",2026-07-23 13:37:35.454,2026-07-23 13:37:35.454
51,August Ames,august-ames,,,,7354,280,"[""Brunette"",""Canadian"",""Big Tits"",""Hardcore""]",2026-07-26 11:08:05.385,2026-07-26 11:08:05.385
52,Johnny Sins,johnny-sins,,,,4007,813,"[""Male"",""Bald"",""Hardcore"",""Performer""]",2026-07-26 11:58:18.969,2026-07-26 11:58:18.969
53,Madison Ivy,madison-ivy,,,,5378,1509,"[""Redhead"",""German"",""Big Tits"",""Hardcore""]",2026-07-26 15:38:55.998,2026-07-26 15:38:55.998
54,Alexis Texas,alexis-texas,,,,5087,1363,"[""Blonde"",""Big Ass"",""Hardcore"",""Legend""]",2026-07-26 16:45:17.049,2026-07-26 16:45:17.049
55,Eva Elfie,eva-elfie,,,,7901,1392,"[""Blonde"",""Russian"",""Natural"",""Young"",""Hardcore""]",2026-07-26 17:37:21.896,2026-07-26 17:37:21.896
56,Asa Akira,asa-akira,,,,7021,51,"[""Asian"",""Brunette"",""Anal"",""Hardcore"",""Legend""]",2026-07-24 12:12:00,2026-07-24 12:12:00
57,Sasha Grey,sasha-grey,,,,7231,564,"[""Brunette"",""Anal"",""Hardcore"",""Legend"",""Gonzo""]",2026-07-24 13:12:00,2026-07-24 13:12:00
58,Tori Black,tori-black,,,,6370,840,"[""Brunette"",""Hardcore"",""Beautiful"",""Legend""]",2026-07-24 14:12:00,2026-07-24 14:12:00
59,Jenna Jameson,jenna-jameson,,,,8058,1396,"[""Blonde"",""Legend"",""MILF"",""Hardcore""]",2026-07-24 15:12:00,2026-07-24 15:12:00
60,Stoya,stoya,,,,5332,1128,"[""Blonde"",""Alternative"",""Hardcore"",""Beautiful""]",2026-07-24 16:12:00,2026-07-24 16:12:00
61,Jesse Jane,jesse-jane,,,,3048,1426,"[""Blonde"",""Big Tits"",""Hardcore"",""Legend""]",2026-07-24 17:12:00,2026-07-24 17:12:00
62,Phoenix Marie,phoenix-marie,,,,9171,449,"[""Brunette"",""Big Ass"",""Anal"",""MILF"",""Hardcore""]",2026-07-24 18:12:00,2026-07-24 18:12:00
63,Jada Stevens,jada-stevens,,,,8712,1150,"[""Brunette"",""Big Ass"",""Anal"",""Hardcore""]",2026-07-24 19:12:00,2026-07-24 19:12:00
64,Kagney Linn Karter,kagney-linn-karter,,,,9454,1253,"[""Blonde"",""Big Tits"",""Hardcore""]",2026-07-24 20:12:00,2026-07-24 20:12:00
65,Violet Myers,violet-myers,,,,8952,40,"[""Latina"",""Big Tits"",""Brunette"",""Hardcore"",""Natural""]",2026-07-24 21:12:00,2026-07-24 21:12:00
66,Autumn Falls,autumn-falls,,,,985,1420,"[""Latina"",""Big Tits"",""Young"",""Hardcore""]",2026-07-24 22:12:00,2026-07-24 22:12:00
67,Gianna Dior,gianna-dior,,,,7384,923,"[""Brunette"",""Young"",""Hardcore"",""Beautiful""]",2026-07-24 23:12:00,2026-07-24 23:12:00
68,Karma Rx,karma-rx,,,,9783,391,"[""Blonde"",""Tattoos"",""Hardcore"",""Alternative""]",2026-07-25 00:12:00,2026-07-25 00:12:00
69,Coco Lovelock,coco-lovelock,,,,319,1133,"[""Blonde"",""Petite"",""Young"",""Hardcore""]",2026-07-25 01:12:00,2026-07-25 01:12:00
70,Chloe Surreal,chloe-surreal,,,,8615,1467,"[""Blonde"",""Big Tits"",""Young"",""Hardcore""]",2026-07-25 02:12:00,2026-07-25 02:12:00
71,Scarlit Scandal,scarlit-scandal,,,,7519,807,"[""Ebony"",""Young"",""Hardcore"",""Beautiful""]",2026-07-25 03:12:00,2026-07-25 03:12:00
72,Jazmin Luv,jazmin-luv,,,,7992,1178,"[""Brunette"",""Young"",""Hardcore""]",2026-07-25 04:12:00,2026-07-25 04:12:00
73,Avery Black,avery-black,,,,7102,1271,"[""Asian"",""Brunette"",""Young"",""Hardcore""]",2026-07-25 05:12:00,2026-07-25 05:12:00
74,Alura Jenson,alura-jenson,,,,418,331,"[""Blonde"",""MILF"",""Big Tits"",""Hardcore"",""Cougar""]",2026-07-25 06:12:00,2026-07-25 06:12:00
75,Sara Jay,sara-jay,,,,3473,1220,"[""Blonde"",""MILF"",""Big Tits"",""Big Ass"",""Hardcore""]",2026-07-25 07:12:00,2026-07-25 07:12:00
76,Richelle Ryan,richelle-ryan,,,,8391,1849,"[""Brunette"",""MILF"",""Big Tits"",""Hardcore""]",2026-07-25 08:12:00,2026-07-25 08:12:00
77,Syren De Mer,syren-de-mer,,,,5004,200,"[""Redhead"",""MILF"",""Anal"",""Hardcore""]",2026-07-25 09:12:00,2026-07-25 09:12:00
78,India Summer,india-summer,,,,1774,1625,"[""Brunette"",""MILF"",""Hardcore"",""Beautiful""]",2026-07-25 10:12:00,2026-07-25 10:12:00
79,Tanya Tate,tanya-tate,,,,5722,712,"[""Blonde"",""MILF"",""British"",""Hardcore""]",2026-07-25 11:12:00,2026-07-25 11:12:00
80,Dee Williams,dee-williams,,,,8225,811,"[""Blonde"",""MILF"",""Anal"",""Hardcore""]",2026-07-25 12:12:00,2026-07-25 12:12:00
81,Ryan Keely,ryan-keely,,,,4131,1277,"[""Blonde"",""MILF"",""Hardcore""]",2026-07-25 13:12:00,2026-07-25 13:12:00
82,Alexis Fawx,alexis-fawx,,,,1580,1364,"[""Brunette"",""MILF"",""Big Tits"",""Hardcore""]",2026-07-25 14:12:00,2026-07-25 14:12:00
83,Rachael Cavalli,rachael-cavalli,,,,680,479,"[""Blonde"",""MILF"",""Big Tits"",""Hardcore""]",2026-07-25 15:12:00,2026-07-25 15:12:00
84,Casca Akashova,casca-akashova,,,,8051,1763,"[""Blonde"",""MILF"",""Big Tits"",""Hardcore""]",2026-07-25 16:12:00,2026-07-25 16:12:00
85,London River,london-river,,,,2748,1108,"[""Blonde"",""MILF"",""Hardcore""]",2026-07-25 17:12:00,2026-07-25 17:12:00
86,Sofie Marie,sofie-marie,,,,3375,1614,"[""Brunette"",""MILF"",""Hardcore""]",2026-07-25 18:12:00,2026-07-25 18:12:00
87,Diamond Jackson,diamond-jackson,,,,9272,1594,"[""Ebony"",""MILF"",""Big Tits"",""Hardcore""]",2026-07-25 19:12:00,2026-07-25 19:12:00
88,Misty Stone,misty-stone,,,,4933,1402,"[""Ebony"",""MILF"",""Hardcore"",""Beautiful""]",2026-07-25 20:12:00,2026-07-25 20:12:00
89,Elsa Jean,elsa-jean,,,,4438,1353,"[""Blonde"",""Petite"",""Young"",""Hardcore"",""Natural""]",2026-07-25 21:12:00,2026-07-25 21:12:00
90,Kenna James,kenna-james,,,,8267,1462,"[""Blonde"",""Young"",""Lesbian"",""Hardcore""]",2026-07-25 22:12:00,2026-07-25 22:12:00
91,Natalia Starr,natalia-starr,,,,3127,1190,"[""Blonde"",""Hardcore"",""Beautiful""]",2026-07-25 23:12:00,2026-07-25 23:12:00
92,Bailey Brooke,bailey-brooke,,,,7384,802,"[""Blonde"",""Young"",""Hardcore""]",2026-07-26 00:12:00,2026-07-26 00:12:00
93,Cali Carter,cali-carter,,,,8391,1061,"[""Blonde"",""Hardcore"",""Anal""]",2026-07-26 01:12:00,2026-07-26 01:12:00
94,Anikka Albrite,anikka-albrite,,,,4052,225,"[""Blonde"",""Anal"",""Hardcore"",""Beautiful""]",2026-07-26 02:12:00,2026-07-26 02:12:00
95,Aj Applegate,aj-applegate,,,,1535,1797,"[""Blonde"",""Big Ass"",""Hardcore""]",2026-07-26 03:12:00,2026-07-26 03:12:00
96,Tiffany Watson,tiffany-watson,,,,8387,1582,"[""Blonde"",""Young"",""Hardcore""]",2026-07-26 04:12:00,2026-07-26 04:12:00
97,Gia Paige,gia-paige,,,,5742,1388,"[""Brunette"",""Young"",""Hardcore""]",2026-07-26 05:12:00,2026-07-26 05:12:00
98,Whitney Wright,whitney-wright,,,,6108,449,"[""Brunette"",""Young"",""Anal"",""Hardcore""]",2026-07-26 06:12:00,2026-07-26 06:12:00
99,Evelyn Claire,evelyn-claire,,,,3495,105,"[""Brunette"",""Young"",""Beautiful"",""Hardcore""]",2026-07-26 07:12:00,2026-07-26 07:12:00
100,Dillion Harper,dillion-harper,,,,9668,1382,"[""Brunette"",""Young"",""Hardcore"",""Natural""]",2026-07-26 08:12:00,2026-07-26 08:12:00
101,Remy Lacroix,remy-lacroix,,,,6267,556,"[""Brunette"",""Big Ass"",""Anal"",""Hardcore""]",2026-07-26 09:12:00,2026-07-26 09:12:00
102,Skin Diamond,skin-diamond,,,,2892,132,"[""Ebony"",""Alternative"",""Hardcore""]",2026-07-26 10:12:00,2026-07-26 10:12:00
103,Bonnie Rotten,bonnie-rotten,,,,8400,875,"[""Brunette"",""Tattoos"",""Alternative"",""Hardcore""]",2026-07-26 11:12:00,2026-07-26 11:12:00
104,Rose Monroe,rose-monroe,,,,8853,941,"[""Latina"",""Big Ass"",""Hardcore""]",2026-07-26 12:12:00,2026-07-26 12:12:00
105,Julianna Vega,julianna-vega,,,,1749,1592,"[""Latina"",""MILF"",""Big Ass"",""Hardcore""]",2026-07-26 13:12:00,2026-07-26 13:12:00
106,Sheila Ortega,sheila-ortega,,,,6150,301,"[""Latina"",""Big Ass"",""Hardcore""]",2026-07-26 14:12:00,2026-07-26 14:12:00
107,Canela Skin,canela-skin,,,,5033,183,"[""Latina"",""Young"",""Hardcore""]",2026-07-26 15:12:00,2026-07-26 15:12:00
108,Cassidy Banks,cassidy-banks,,,,7545,1540,"[""Latina"",""Big Tits"",""Hardcore""]",2026-07-26 16:12:00,2026-07-26 16:12:00
109,Sophia Leone,sophia-leone,,,,7253,1714,"[""Latina"",""Young"",""Hardcore""]",2026-07-26 17:12:00,2026-07-26 17:12:00
110,Ana Foxxx,ana-foxxx,,,,6212,563,"[""Ebony"",""Hardcore"",""Beautiful""]",2026-07-26 18:12:00,2026-07-26 18:12:00
111,Jenna Foxx,jenna-foxx,,,,4631,261,"[""Ebony"",""Big Tits"",""Hardcore""]",2026-07-26 19:12:00,2026-07-26 19:12:00
112,Ebony Mystique,ebony-mystique,,,,3780,380,"[""Ebony"",""MILF"",""Hardcore""]",2026-07-26 20:12:00,2026-07-26 20:12:00
113,Kira Noir,kira-noir,,,,6182,1263,"[""Ebony"",""Hardcore"",""Beautiful""]",2026-07-26 21:12:00,2026-07-26 21:12:00
114,Marica Hase,marica-hase,,,,4069,1419,"[""Asian"",""Japanese"",""Hardcore""]",2026-07-26 22:12:00,2026-07-26 22:12:00
115,Ember Snow,ember-snow,,,,6404,818,"[""Asian"",""Hardcore""]",2026-07-26 23:12:00,2026-07-26 23:12:00
116,Jade Kush,jade-kush,,,,9343,1780,"[""Asian"",""Big Tits"",""Hardcore""]",2026-07-27 00:12:00,2026-07-27 00:12:00
117,Lulu Chu,lulu-chu,,,,8798,308,"[""Asian"",""Petite"",""Young"",""Hardcore""]",2026-07-27 01:12:00,2026-07-27 01:12:00
118,Vina Sky,vina-sky,,,,3557,606,"[""Asian"",""Petite"",""Young"",""Hardcore""]",2026-07-27 02:12:00,2026-07-27 02:12:00
119,Nicole Doshi,nicole-doshi,,,,3018,1245,"[""Asian"",""Hardcore""]",2026-07-27 03:12:00,2026-07-27 03:12:00
120,Ella Hughes,ella-hughes,,,,8639,813,"[""Redhead"",""British"",""Young"",""Hardcore""]",2026-07-27 04:12:00,2026-07-27 04:12:00
121,Lauren Phillips,lauren-phillips,,,,6943,949,"[""Redhead"",""MILF"",""Big Tits"",""Hardcore""]",2026-07-27 05:12:00,2026-07-27 05:12:00
122,Skylar Vox,skylar-vox,,,,7627,267,"[""Blonde"",""Big Tits"",""Young"",""Hardcore""]",2026-07-27 06:12:00,2026-07-27 06:12:00
123,Amber Moore,amber-moore,,,,5728,913,"[""Blonde"",""Young"",""Hardcore""]",2026-07-27 07:12:00,2026-07-27 07:12:00
124,Aria Lee,aria-lee,,,,6234,703,"[""Brunette"",""Young"",""Hardcore""]",2026-07-27 08:12:00,2026-07-27 08:12:00
125,Vanna Bardot,vanna-bardot,,,,309,407,"[""Brunette"",""Young"",""Hardcore""]",2026-07-27 09:12:00,2026-07-27 09:12:00
126,Chloe Temple,chloe-temple,,,,2022,1484,"[""Blonde"",""Petite"",""Young"",""Hardcore""]",2026-07-27 10:12:00,2026-07-27 10:12:00
127,Lily Lou,lily-lou,,,,9412,110,"[""Redhead"",""Young"",""Hardcore""]",2026-07-27 11:12:00,2026-07-27 11:12:00
128,Molly Little,molly-little,,,,9731,1658,"[""Blonde"",""Petite"",""Young"",""Hardcore""]",2026-07-27 12:12:00,2026-07-27 12:12:00
129,Kylie Rocket,kylie-rocket,,,,5940,949,"[""Brunette"",""Young"",""Hardcore""]",2026-07-27 13:12:00,2026-07-27 13:12:00
130,Nina Hartley,nina-hartley,,,,842,1586,"[""Blonde"",""MILF"",""Legend"",""Hardcore""]",2026-07-27 14:12:00,2026-07-27 14:12:00
131,Dana DeArmond,dana-dearmond,,,,340,1086,"[""Brunette"",""MILF"",""Anal"",""Hardcore""]",2026-07-27 15:12:00,2026-07-27 15:12:00
132,Veronica Avluv,veronica-avluv,,,,1143,257,"[""Brunette"",""MILF"",""Anal"",""Hardcore""]",2026-07-27 16:12:00,2026-07-27 16:12:00
133,Briana Banks,briana-banks,,,,5458,389,"[""Blonde"",""MILF"",""Hardcore"",""Legend""]",2026-07-27 17:12:00,2026-07-27 17:12:00
134,Rocco Siffredi,rocco-siffredi,,,,3163,217,"[""Male"",""Italian"",""Anal"",""Legend"",""Performer""]",2026-07-27 18:12:00,2026-07-27 18:12:00
135,Mick Blue,mick-blue,,,,8504,1098,"[""Male"",""Performer"",""Hardcore""]",2026-07-27 19:12:00,2026-07-27 19:12:00
136,Markus Dupree,markus-dupree,,,,4074,1562,"[""Male"",""Performer"",""Hardcore""]",2026-07-27 20:12:00,2026-07-27 20:12:00
137,Xander Corvus,xander-corvus,,,,6133,1269,"[""Male"",""Performer"",""Hardcore""]",2026-07-27 21:12:00,2026-07-27 21:12:00
138,Isiah Maxwell,isiah-maxwell,,,,1714,1459,"[""Male"",""BBC"",""Performer"",""Interracial""]",2026-07-27 22:12:00,2026-07-27 22:12:00
139,Dredd,dredd,,,,1262,1438,"[""Male"",""BBC"",""Performer"",""Interracial""]",2026-07-27 23:12:00,2026-07-27 23:12:00
140,Jason Luv,jason-luv,,,,8185,878,"[""Male"",""BBC"",""Performer"",""Interracial""]",2026-07-28 00:12:00,2026-07-28 00:12:00
141,Lexington Steele,lexington-steele,,,,7972,650,"[""Male"",""BBC"",""Legend"",""Performer""]",2026-07-28 01:12:00,2026-07-28 01:12:00
142,Prince Yahshua,prince-yahshua,,,,5653,1021,"[""Male"",""BBC"",""Performer""]",2026-07-28 02:12:00,2026-07-28 02:12:00
143,Liya Silver,liya-silver,,,,8284,190,"[""Brunette"",""Russian"",""Big Tits"",""Young"",""Hardcore""]",2026-07-28 03:12:00,2026-07-28 03:12:00
144,Sophie Dee,sophie-dee,,,,9233,900,"[""Blonde"",""British"",""Big Tits"",""Big Ass"",""Hardcore""]",2026-07-28 04:12:00,2026-07-28 04:12:00
145,Aletta Ocean,aletta-ocean,,,,7511,490,"[""Brunette"",""Hungarian"",""Big Tits"",""Hardcore""]",2026-07-28 05:12:00,2026-07-28 05:12:00
146,Katrina Jade,katrina-jade,,,,8232,656,"[""Brunette"",""Tattoos"",""Hardcore"",""Alternative""]",2026-07-28 06:12:00,2026-07-28 06:12:00
147,Joanna Angel,joanna-angel,,,,3969,849,"[""Brunette"",""Tattoos"",""Alternative"",""Hardcore"",""Legend""]",2026-07-28 07:12:00,2026-07-28 07:12:00
148,Stella Cox,stella-cox,,,,9165,1201,"[""Brunette"",""British"",""Big Tits"",""Hardcore""]",2026-07-28 08:12:00,2026-07-28 08:12:00
149,Brooklyn Chase,brooklyn-chase,,,,2399,1753,"[""Blonde"",""MILF"",""Big Tits"",""Hardcore""]",2026-07-28 09:12:00,2026-07-28 09:12:00
150,Rachel Starr,rachel-starr,,,,3015,1380,"[""Brunette"",""Big Ass"",""Hardcore""]",2026-07-28 10:12:00,2026-07-28 10:12:00
151,Jada Fire,jada-fire,,,,9028,577,"[""Ebony"",""Anal"",""Hardcore"",""Legend""]",2026-07-28 11:12:00,2026-07-28 11:12:00
152,Christie Stevens,christie-stevens,,,,1423,476,"[""Blonde"",""MILF"",""Hardcore""]",2026-07-28 12:12:00,2026-07-28 12:12:00
153,Angel Wicky,angel-wicky,,,,2222,1834,"[""Blonde"",""Big Tits"",""European"",""Hardcore""]",2026-07-28 13:12:00,2026-07-28 13:12:00
154,Blondie Fesser,blondie-fesser,,,,4163,664,"[""Blonde"",""Big Ass"",""Argentinian"",""Hardcore""]",2026-07-28 14:12:00,2026-07-28 14:12:00
155,Kianna Dior,kianna-dior,,,,2859,196,"[""Asian"",""MILF"",""Big Tits"",""Hardcore""]",2026-07-28 15:12:00,2026-07-28 15:12:00
156,Hitomi Tanaka,hitomi-tanaka,,,,8994,159,"[""Asian"",""Japanese"",""Big Tits"",""Hardcore""]",2026-07-28 16:12:00,2026-07-28 16:12:00
157,Anri Okita,anri-okita,,,,354,653,"[""Asian"",""Japanese"",""Big Tits"",""Hardcore""]",2026-07-28 17:12:00,2026-07-28 17:12:00
158,Small Hands,small-hands,,,,2581,546,"[""Male"",""Performer"",""Hardcore""]",2026-07-28 18:12:00,2026-07-28 18:12:00
159,Tommy Pistol,tommy-pistol,,,,3877,1616,"[""Male"",""Performer"",""Hardcore""]",2026-07-28 19:12:00,2026-07-28 19:12:00
160,Ramon Nomar,ramon-nomar,,,,6128,1093,"[""Male"",""Performer"",""Hardcore""]",2026-07-28 20:12:00,2026-07-28 20:12:00
161,Steve Holmes,steve-holmes,,,,4638,505,"[""Male"",""Performer"",""Hardcore""]",2026-07-28 21:12:00,2026-07-28 21:12:00
162,James Deen,james-deen,,,,9824,1133,"[""Male"",""Performer"",""Hardcore""]",2026-07-28 22:12:00,2026-07-28 22:12:00
163,Mr. Pete,mr-pete,,,,4621,1255,"[""Male"",""Performer"",""Hardcore""]",2026-07-28 23:12:00,2026-07-28 23:12:00
164,Lana Smalls,lana-smalls,,,,8705,225,"[""Blonde"",""Young"",""Petite"",""Hardcore""]",2026-07-29 00:12:00,2026-07-29 00:12:00
165,Freya Mayer,freya-mayer,,,,3329,738,"[""Blonde"",""Young"",""European"",""Hardcore""]",2026-07-29 01:12:00,2026-07-29 01:12:00
166,Tiffany Tatum,tiffany-tatum,,,,7643,388,"[""Blonde"",""Young"",""European"",""Hardcore""]",2026-07-29 02:12:00,2026-07-29 02:12:00
167,Nancy A,nancy-a,,,,7471,381,"[""Blonde"",""Young"",""European"",""Beautiful""]",2026-07-29 03:12:00,2026-07-29 03:12:00
168,Little Caprice,little-caprice,,,,1044,695,"[""Brunette"",""Petite"",""European"",""Hardcore""]",2026-07-29 04:12:00,2026-07-29 04:12:00
169,Cindy Starfall,cindy-starfall,,,,5078,1064,"[""Asian"",""Hardcore""]",2026-07-29 05:12:00,2026-07-29 05:12:00
170,Morgan Lee,morgan-lee,,,,6495,1667,"[""Asian"",""Hardcore""]",2026-07-29 06:12:00,2026-07-29 06:12:00
171,Alina Li,alina-li,,,,5900,665,"[""Asian"",""Petite"",""Hardcore""]",2026-07-29 07:12:00,2026-07-29 07:12:00
172,Sharon Lee,sharon-lee,,,,6861,608,"[""Asian"",""Hardcore""]",2026-07-29 08:12:00,2026-07-29 08:12:00
173,Sami Parker,sami-parker,,,,6706,1318,"[""Asian"",""Young"",""Hardcore""]",2026-07-29 09:12:00,2026-07-29 09:12:00
174,Maya Bijou,maya-bijou,,,,3970,1599,"[""Latina"",""Young"",""Hardcore""]",2026-07-29 10:12:00,2026-07-29 10:12:00
175,Natalie Knight,natalie-knight,,,,3392,624,"[""Brunette"",""Young"",""Hardcore""]",2026-07-29 11:12:00,2026-07-29 11:12:00
176,Mackenzie Mace,mackenzie-mace,,,,6776,1376,"[""Blonde"",""Young"",""Hardcore""]",2026-07-29 12:12:00,2026-07-29 12:12:00
177,Lily Larimar,lily-larimar,,,,7270,1312,"[""Blonde"",""Young"",""Hardcore""]",2026-07-29 13:12:00,2026-07-29 13:12:00
178,Diana Grace,diana-grace,,,,790,716,"[""Brunette"",""Young"",""Hardcore""]",2026-07-29 14:12:00,2026-07-29 14:12:00
179,Avery Cristy,avery-cristy,,,,2627,328,"[""Blonde"",""Young"",""Hardcore""]",2026-07-29 15:12:00,2026-07-29 15:12:00
180,Maddy May,maddy-may,,,,2092,1686,"[""Brunette"",""Young"",""Hardcore""]",2026-07-29 16:12:00,2026-07-29 16:12:00
181,Kay Carter,kay-carter,,,,4040,1504,"[""Blonde"",""Young"",""Hardcore""]",2026-07-29 17:12:00,2026-07-29 17:12:00
182,Jillian Janson,jillian-janson,,,,2463,1841,"[""Blonde"",""Young"",""Anal"",""Hardcore""]",2026-07-29 18:12:00,2026-07-29 18:12:00
183,Megan Rain,megan-rain,,,,7173,1668,"[""Brunette"",""Young"",""Hardcore""]",2026-07-29 19:12:00,2026-07-29 19:12:00
184,Adria Rae,adria-rae,,,,2866,759,"[""Brunette"",""Young"",""Hardcore""]",2026-07-29 20:12:00,2026-07-29 20:12:00
185,Blair Williams,blair-williams,,,,7328,1570,"[""Blonde"",""Young"",""Hardcore""]",2026-07-29 21:12:00,2026-07-29 21:12:00
186,Giselle Palmer,giselle-palmer,,,,5145,508,"[""Blonde"",""Young"",""Hardcore""]",2026-07-29 22:12:00,2026-07-29 22:12:00
187,Lena Anderson,lena-anderson,,,,3235,73,"[""Blonde"",""Young"",""Hardcore""]",2026-07-29 23:12:00,2026-07-29 23:12:00
188,Zoe Bloom,zoe-bloom,,,,4485,1177,"[""Brunette"",""Young"",""Hardcore""]",2026-07-30 00:12:00,2026-07-30 00:12:00
189,Judy Jolie,judy-jolie,,,,6156,1327,"[""Latina"",""Young"",""Hardcore""]",2026-07-30 01:12:00,2026-07-30 01:12:00
190,Violet Starr,violet-starr,,,,3299,454,"[""Brunette"",""Young"",""Hardcore""]",2026-07-30 02:12:00,2026-07-30 02:12:00
191,Lacy Lennon,lacy-lennon,,,,5839,1177,"[""Redhead"",""Young"",""Hardcore""]",2026-07-30 03:12:00,2026-07-30 03:12:00
192,Maya Kendrick,maya-kendrick,,,,5583,1610,"[""Redhead"",""Hardcore""]",2026-07-30 04:12:00,2026-07-30 04:12:00
193,Athena Faris,athena-faris,,,,3307,117,"[""Brunette"",""Young"",""Hardcore""]",2026-07-30 05:12:00,2026-07-30 05:12:00
194,Vienna Rose,vienna-rose,,,,7224,693,"[""Brunette"",""Young"",""Hardcore""]",2026-07-30 06:12:00,2026-07-30 06:12:00
195,Karla Kush,karla-kush,,,,9562,550,"[""Blonde"",""Young"",""Hardcore""]",2026-07-30 07:12:00,2026-07-30 07:12:00
196,Cadence Lux,cadence-lux,,,,7315,992,"[""Blonde"",""Young"",""Hardcore""]",2026-07-30 08:12:00,2026-07-30 08:12:00
197,Serena Blair,serena-blair,,,,7309,1240,"[""Blonde"",""Lesbian"",""Hardcore""]",2026-07-30 09:12:00,2026-07-30 09:12:00
198,Charlotte Stokely,charlotte-stokely,,,,6953,988,"[""Blonde"",""Lesbian"",""Hardcore""]",2026-07-30 10:12:00,2026-07-30 10:12:00
199,Aidra Fox,aidra-fox,,,,3445,1841,"[""Brunette"",""Young"",""Hardcore""]",2026-07-30 11:12:00,2026-07-30 11:12:00
200,Uma Jolie,uma-jolie,,,,5897,928,"[""Blonde"",""Young"",""Hardcore""]",2026-07-30 12:12:00,2026-07-30 12:12:00
201,Harley Dean,harley-dean,,,,6319,443,"[""Brunette"",""Young"",""Hardcore""]",2026-07-30 13:12:00,2026-07-30 13:12:00
202,Janice Griffith,janice-griffith,,,,1099,1593,"[""Brunette"",""Young"",""Hardcore""]",2026-07-30 14:12:00,2026-07-30 14:12:00
203,Kimmy Granger,kimmy-granger,,,,3259,1800,"[""Brunette"",""Young"",""Hardcore""]",2026-07-30 15:12:00,2026-07-30 15:12:00
204,Belle Knox,belle-knox,,,,9188,670,"[""Brunette"",""Young"",""Hardcore""]",2026-07-30 16:12:00,2026-07-30 16:12:00
205,Brooklyn Blue,brooklyn-blue,,,,8853,945,"[""Blonde"",""British"",""Big Tits"",""Hardcore""]",2026-07-30 17:12:00,2026-07-30 17:12:00
206,Tina Kay,tina-kay,,,,6647,1548,"[""Brunette"",""British"",""MILF"",""Hardcore""]",2026-07-30 18:12:00,2026-07-30 18:12:00
207,Cathy Heaven,cathy-heaven,,,,8614,977,"[""Brunette"",""European"",""Hardcore""]",2026-07-30 19:12:00,2026-07-30 19:12:00
208,Black Angelika,black-angelika,,,,5961,859,"[""Brunette"",""European"",""Hardcore""]",2026-07-30 20:12:00,2026-07-30 20:12:00
209,Tarra White,tarra-white,,,,4869,199,"[""Blonde"",""European"",""Hardcore""]",2026-07-30 21:12:00,2026-07-30 21:12:00
210,Caylian Curtis,caylian-curtis,,,,6752,1775,"[""Blonde"",""European"",""Hardcore""]",2026-07-30 22:12:00,2026-07-30 22:12:00
211,Angel Dark,angel-dark,,,,6128,1159,"[""Brunette"",""European"",""Hardcore""]",2026-07-30 23:12:00,2026-07-30 23:12:00
212,Monica Mattos,monica-mattos,,,,2601,936,"[""Latina"",""Brazilian"",""Hardcore""]",2026-07-31 00:12:00,2026-07-31 00:12:00
213,Monica Santhiago,monica-santhiago,,,,933,856,"[""Latina"",""Brazilian"",""Big Ass"",""Hardcore""]",2026-07-31 01:12:00,2026-07-31 01:12:00
214,Rebecca Rios,rebecca-rios,,,,8362,1328,"[""Latina"",""Hardcore""]",2026-07-31 02:12:00,2026-07-31 02:12:00
215,Gina Valentina,gina-valentina,,,,5181,1164,"[""Latina"",""Young"",""Hardcore""]",2026-07-31 03:12:00,2026-07-31 03:12:00
216,Harmony Wonder,harmony-wonder,,,,9399,660,"[""Brunette"",""Young"",""Hardcore""]",2026-07-31 04:12:00,2026-07-31 04:12:00
217,Maya Woulfe,maya-woulfe,,,,7219,1096,"[""Brunette"",""Young"",""Hardcore""]",2026-07-31 05:12:00,2026-07-31 05:12:00
218,Tori Montana,tori-montana,,,,4988,360,"[""Brunette"",""Young"",""Hardcore""]",2026-07-31 06:12:00,2026-07-31 06:12:00
219,Hitomi,hitomi,,,,6096,627,"[""Asian"",""Japanese"",""Big Tits""]",2026-07-31 07:12:00,2026-07-31 07:12:00